{
    "center": [
        -2.900693816735844e-05,
        0.9500980315418893,
        0.00052469196925468
    ],
    "extents": [
        0.9271870910851143,
        1.9375868553869249,
        0.9193915992786013
    ],
    "scale": [
        0.08,
        0.08,
        0.08
    ],
    "transform_matrix": [
        [
            1.0,
            0.0,
            0.0,
            0.0
        ],
        [
            0.0,
            1.0,
            0.0,
            0.0
        ],
        [
            0.0,
            0.0,
            1.0,
            0.0
        ],
        [
            0.0,
            0.0,
            0.0,
            1.0
        ]
    ],
    "target_pose": [],
    "contact_points_pose": [
        [
            [
                -0.011900000274181366,
                -0.9999300241470337,
                0.0,
                0.0
            ],
            [
                0.9999300241470337,
                -0.011900000274181366,
                0.0,
                0.9059799909591675
            ],
            [
                -0.0,
                0.0,
                1.0,
                -0.0
            ],
            [
                0.0,
                0.0,
                0.0,
                1.0
            ]
        ],
        [
            [
                -0.011900000274181366,
                -0.7070500254631042,
                0.7070599794387817,
                0.0
            ],
            [
                0.9999300241470337,
                -0.008419999852776527,
                0.008419999852776527,
                0.9059799909591675
            ],
            [
                -0.0,
                0.7071099877357483,
                0.707099974155426,
                -0.0
            ],
            [
                0.0,
                0.0,
                0.0,
                1.0
            ]
        ],
        [
            [
                -0.011900000274181366,
                0.0,
                0.9999300241470337,
                0.0
            ],
            [
                0.9999300241470337,
                0.0,
                0.011900000274181366,
                0.9059799909591675
            ],
            [
                -0.0,
                1.0,
                -0.0,
                -0.0
            ],
            [
                0.0,
                0.0,
                0.0,
                1.0
            ]
        ],
        [
            [
                -0.011900000274181366,
                0.7070599794387817,
                0.7070500254631042,
                0.0
            ],
            [
                0.9999300241470337,
                0.008419999852776527,
                0.008419999852776527,
                0.9059799909591675
            ],
            [
                -0.0,
                0.707099974155426,
                -0.7071099877357483,
                -0.0
            ],
            [
                0.0,
                0.0,
                0.0,
                1.0
            ]
        ],
        [
            [
                -0.011900000274181366,
                0.9999300241470337,
                -0.0,
                0.0
            ],
            [
                0.9999300241470337,
                0.011900000274181366,
                -0.0,
                0.9059799909591675
            ],
            [
                -0.0,
                -0.0,
                -1.0,
                -0.0
            ],
            [
                0.0,
                0.0,
                0.0,
                1.0
            ]
        ],
        [
            [
                -0.011900000274181366,
                0.7070500254631042,
                -0.7070599794387817,
                0.0
            ],
            [
                0.9999300241470337,
                0.008419999852776527,
                -0.008419999852776527,
                0.9059799909591675
            ],
            [
                -0.0,
                -0.7071099877357483,
                -0.707099974155426,
                -0.0
            ],
            [
                0.0,
                0.0,
                0.0,
                1.0
            ]
        ],
        [
            [
                -0.011900000274181366,
                -0.0,
                -0.9999300241470337,
                0.0
            ],
            [
                0.9999300241470337,
                -0.0,
                -0.011900000274181366,
                0.9059799909591675
            ],
            [
                -0.0,
                -1.0,
                0.0,
                -0.0
            ],
            [
                0.0,
                0.0,
                0.0,
                1.0
            ]
        ],
        [
            [
                -0.011900000274181366,
                -0.7070599794387817,
                -0.7070500254631042,
                0.0
            ],
            [
                0.9999300241470337,
                -0.008419999852776527,
                -0.008419999852776527,
                0.9059799909591675
            ],
            [
                -0.0,
                -0.707099974155426,
                0.7071099877357483,
                -0.0
            ],
            [
                0.0,
                0.0,
                0.0,
                1.0
            ]
        ],
        [
            [
                1.0,
                0.0,
                0.0,
                0.0
            ],
            [
                0.0,
                1.0,
                -0.0,
                1.5600899457931519
            ],
            [
                0.0,
                0.0,
                1.0,
                -0.0
            ],
            [
                0.0,
                0.0,
                0.0,
                1.0
            ]
        ],
        [
            [
                0.7071099877357483,
                0.0,
                0.7071099877357483,
                0.0
            ],
            [
                -0.0,
                1.0,
                -0.0,
                1.5600899457931519
            ],
            [
                -0.7071099877357483,
                0.0,
                0.7071099877357483,
                -0.0
            ],
            [
                0.0,
                0.0,
                0.0,
                1.0
            ]
        ],
        [
            [
                -0.0,
                0.0,
                1.0,
                0.0
            ],
            [
                -0.0,
                1.0,
                -0.0,
                1.5600899457931519
            ],
            [
                -1.0,
                0.0,
                0.0,
                -0.0
            ],
            [
                0.0,
                0.0,
                0.0,
                1.0
            ]
        ],
        [
            [
                -0.7071099877357483,
                0.0,
                0.7071099877357483,
                0.0
            ],
            [
                -0.0,
                1.0,
                -0.0,
                1.5600899457931519
            ],
            [
                -0.7071099877357483,
                0.0,
                -0.7071099877357483,
                -0.0
            ],
            [
                0.0,
                0.0,
                0.0,
                1.0
            ]
        ],
        [
            [
                -1.0,
                0.0,
                0.0,
                0.0
            ],
            [
                0.0,
                1.0,
                -0.0,
                1.5600899457931519
            ],
            [
                0.0,
                -0.0,
                -1.0,
                -0.0
            ],
            [
                0.0,
                0.0,
                0.0,
                1.0
            ]
        ],
        [
            [
