{
    "center": [
        0.007286192921842509,
        0.9470123892007007,
        -0.0005581849858194666
    ],
    "extents": [
        0.7666602779706173,
        1.9368842591456392,
        1.379803636094783
    ],
    "scale": [
        0.1,
        0.1,
        0.1
    ],
    "transform_matrix": [
        [
            1.0,
            0.0,
            0.0,
            0.0
        ],
        [
            0.0,
            1.0,
            0.0,
            0.0
        ],
        [
            0.0,
            0.0,
            1.0,
            0.0
        ],
        [
            0.0,
            0.0,
            0.0,
            1.0
        ]
    ],
    "target_pose": [],
    "contact_points_pose": [
        [
            [
                -0.003449999960139394,
                -0.999970018863678,
                0.006649999879300594,
                0.0
            ],
            [
                0.8096500039100647,
                -0.0066999997943639755,
                -0.5868800282478333,
                0.5657399892807007
            ],
            [
                0.5869100093841553,
                0.0033599999733269215,
                0.8096500039100647,
                -0.3252600133419037
            ],
            [
                0.0,
                0.0,
                0.0,
                1.0
            ]
        ],
        [
            [
                -0.003470000112429261,
                0.9998199939727783,
                0.01875999942421913,
                0.0
            ],
            [
                0.8096500039100647,
                -0.008209999650716782,
                0.5868499875068665,
                0.5657399892807007
            ],
            [
                0.586899995803833,
                0.017230000346899033,
                -0.8094800114631653,
                -0.3252600133419037
            ],
            [
                0.0,
                0.0,
                0.0,
                1.0
            ]
        ]
    ],
    "functional_matrix": [
        [
            [
                -0.010520000010728836,
                0.9999099969863892,
                -0.00791999977082014,
                -0.0013899999903514981
            ],
            [
                0.45603999495506287,
                0.011850000359117985,
                0.8898800015449524,
                1.145840048789978
            ],
            [
                0.8899000287055969,
                0.005750000011175871,
                -0.45612001419067383,
                0.3364099860191345
            ],
            [
                0.0,
                0.0,
                0.0,
                1.0
            ]
        ]
    ],
    "orientation_point": [],
    "contact_points_group": [
        [
            0,
            1
        ]
    ],
    "contact_points_mask": [
        true
    ],
    "target_point_discription": [],
    "contact_points_discription": [],
    "functional_point_discription": [],
    "orientation_point_discription": [],
    "stable": true
}